binary,bins,shape,algo,gibps_median,exit_ok,direct_ran,runs
even,65536,concentrated:0.0,default,2695.52,1,0,2694.6;2698.6;2695.5
even,65536,hash_synonym,default,989.29,1,0,989.3;988.6;989.4
even,65536,powerlaw:0.5,default,806.58,1,0,806.5;806.8;806.6
even,65536,stale_resident,default,548.09,1,0,548.1;548.2;548.1
even,65536,concentrated:0.0,gmem_privatized_nocache,2694.74,1,0,2694.7;2693.4;2696.1
even,65536,hash_synonym,gmem_privatized_nocache,988.96,1,0,989.0;988.7;989.1
even,65536,powerlaw:0.5,gmem_privatized_nocache,806.56,1,0,806.6;806.8;806.2
even,65536,stale_resident,gmem_privatized_nocache,548.23,1,0,548.4;548.2;547.9
even,65536,concentrated:0.0,direct_cuckoo,1928.31,1,1,1928.3;1930.1;1927.0
even,65536,hash_synonym,direct_cuckoo,746.67,1,1,746.7;748.9;745.9
even,65536,powerlaw:0.5,direct_cuckoo,573.88,1,1,573.9;573.7;574.1
even,65536,stale_resident,direct_cuckoo,473.48,1,1,473.7;473.5;473.5
even,65536,concentrated:0.0,direct_single_probe,1923.30,1,1,1923.5;1923.2;1923.3
even,65536,hash_synonym,direct_single_probe,764.91,1,1,764.8;764.9;764.9
even,65536,powerlaw:0.5,direct_single_probe,590.90,1,1,590.8;590.9;591.1
even,65536,stale_resident,direct_single_probe,492.04,1,1,492.0;492.2;492.0
even,65536,concentrated:0.0,gmem_privatized_cuckoo,1458.87,1,1,1458.6;1458.9;1459.1
even,65536,hash_synonym,gmem_privatized_cuckoo,641.41,1,1,641.4;641.2;641.6
even,65536,powerlaw:0.5,gmem_privatized_cuckoo,529.08,1,1,528.8;529.1;529.4
even,65536,stale_resident,gmem_privatized_cuckoo,432.15,1,1,432.2;432.1;432.1
even,65536,concentrated:0.0,gmem_privatized_single_probe,1453.53,1,1,1453.5;1453.5;1454.5
even,65536,hash_synonym,gmem_privatized_single_probe,653.84,1,1,653.3;654.0;653.8
even,65536,powerlaw:0.5,gmem_privatized_single_probe,543.35,1,1,543.3;543.3;543.4
even,65536,stale_resident,gmem_privatized_single_probe,444.39,1,1,444.4;444.4;444.5
even,262144,concentrated:0.0,default,1910.56,1,0,1911.1;1910.6;1908.0
even,262144,hash_synonym,default,497.42,1,0,497.4;497.3;497.9
even,262144,powerlaw:0.5,default,673.62,1,0,672.8;673.6;673.6
even,262144,stale_resident,default,449.96,1,0,449.6;454.2;450.0
even,262144,concentrated:0.0,gmem_privatized_nocache,1911.33,1,0,1911.1;1911.3;1911.6
even,262144,hash_synonym,gmem_privatized_nocache,497.91,1,0,497.3;498.0;497.9
even,262144,powerlaw:0.5,gmem_privatized_nocache,673.05,1,0,673.0;673.1;672.6
even,262144,stale_resident,gmem_privatized_nocache,449.87,1,0,449.8;449.9;450.0
even,262144,concentrated:0.0,direct_cuckoo,1928.78,1,1,1928.8;1929.8;1928.5
even,262144,hash_synonym,direct_cuckoo,617.28,1,1,617.3;617.3;617.3
even,262144,powerlaw:0.5,direct_cuckoo,570.18,1,1,570.2;569.9;570.4
even,262144,stale_resident,direct_cuckoo,493.44,1,1,493.4;493.7;493.4
even,262144,concentrated:0.0,direct_single_probe,1928.85,1,1,1931.9;1927.9;1928.9
even,262144,hash_synonym,direct_single_probe,617.27,1,1,617.2;617.3;617.3
even,262144,powerlaw:0.5,direct_single_probe,570.11,1,1,570.0;570.1;570.1
even,262144,stale_resident,direct_single_probe,493.43,1,1,493.7;493.3;493.4
even,262144,concentrated:0.0,gmem_privatized_cuckoo,1012.79,1,1,1012.8;1013.0;1012.6
even,262144,hash_synonym,gmem_privatized_cuckoo,414.25,1,1,414.4;414.0;414.2
even,262144,powerlaw:0.5,gmem_privatized_cuckoo,415.00,1,1,414.8;415.0;415.0
even,262144,stale_resident,gmem_privatized_cuckoo,381.68,1,1,381.6;381.8;381.7
even,262144,concentrated:0.0,gmem_privatized_single_probe,1009.90,1,1,1009.9;1010.0;1009.7
even,262144,hash_synonym,gmem_privatized_single_probe,418.90,1,1,419.0;418.9;418.8
even,262144,powerlaw:0.5,gmem_privatized_single_probe,425.23,1,1,425.2;425.2;425.6
even,262144,stale_resident,gmem_privatized_single_probe,390.53,1,1,390.3;390.5;390.7
even,1048576,concentrated:0.0,default,1944.42,1,1,1943.8;1944.7;1944.4
even,1048576,hash_synonym,default,623.19,1,1,622.9;623.2;623.5
even,1048576,powerlaw:0.5,default,548.97,1,1,549.1;548.8;549.0
even,1048576,stale_resident,default,496.07,1,1,496.1;496.4;495.9
even,1048576,concentrated:0.0,gmem_privatized_nocache,896.28,1,0,896.3;896.0;896.6
even,1048576,hash_synonym,gmem_privatized_nocache,325.37,1,0,325.4;325.4;324.8
even,1048576,powerlaw:0.5,gmem_privatized_nocache,371.11,1,0,371.2;370.9;371.1
even,1048576,stale_resident,gmem_privatized_nocache,390.35,1,0,391.3;390.3;390.3
even,1048576,concentrated:0.0,direct_cuckoo,1944.89,1,1,1945.1;1944.9;1942.6
even,1048576,hash_synonym,direct_cuckoo,623.20,1,1,623.3;623.0;623.2
even,1048576,powerlaw:0.5,direct_cuckoo,548.77,1,1,548.6;548.8;549.0
even,1048576,stale_resident,direct_cuckoo,496.38,1,1,496.5;496.1;496.4
even,1048576,concentrated:0.0,direct_single_probe,1944.52,1,1,1944.5;1944.5;1944.5
even,1048576,hash_synonym,direct_single_probe,622.98,1,1,623.3;623.0;622.9
even,1048576,powerlaw:0.5,direct_single_probe,548.76,1,1,548.7;548.8;548.9
even,1048576,stale_resident,direct_single_probe,496.35,1,1,496.3;496.5;496.3
even,1048576,concentrated:0.0,gmem_privatized_cuckoo,470.82,1,1,470.8;470.9;470.5
even,1048576,hash_synonym,gmem_privatized_cuckoo,271.20,1,1,271.2;271.0;271.2
even,1048576,powerlaw:0.5,gmem_privatized_cuckoo,270.39,1,1,270.3;270.4;270.6
even,1048576,stale_resident,gmem_privatized_cuckoo,267.94,1,1,268.0;267.9;267.9
even,1048576,concentrated:0.0,gmem_privatized_single_probe,470.34,1,1,470.4;470.3;469.7
even,1048576,hash_synonym,gmem_privatized_single_probe,273.47,1,1,273.5;273.5;273.5
even,1048576,powerlaw:0.5,gmem_privatized_single_probe,275.03,1,1,275.1;274.8;275.0
even,1048576,stale_resident,gmem_privatized_single_probe,272.09,1,1,272.1;272.1;272.2
range,65536,concentrated:0.0,default,1170.40,1,0,1170.9;1169.5;1170.4
range,65536,hash_synonym,default,482.81,1,0,482.5;482.8;483.0
range,65536,powerlaw:0.5,default,696.16,1,0,696.2;695.9;696.3
range,65536,stale_resident,default,523.19,1,0,523.2;523.4;523.1
range,65536,concentrated:0.0,gmem_privatized_nocache,1170.47,1,0,1170.7;1170.4;1170.5
range,65536,hash_synonym,gmem_privatized_nocache,483.07,1,0,483.1;482.9;483.1
range,65536,powerlaw:0.5,gmem_privatized_nocache,696.02,1,0,696.0;695.1;696.1
range,65536,stale_resident,gmem_privatized_nocache,523.16,1,0,522.8;523.2;523.3
range,65536,concentrated:0.0,direct_cuckoo,1920.32,1,1,1920.4;1920.2;1920.3
range,65536,hash_synonym,direct_cuckoo,552.12,1,1,552.1;552.1;553.0
range,65536,powerlaw:0.5,direct_cuckoo,469.35,1,1,469.3;469.3;469.4
range,65536,stale_resident,direct_cuckoo,444.17,1,1,444.2;444.2;443.9
range,65536,concentrated:0.0,direct_single_probe,1880.46,1,1,1880.5;1880.5;1879.8
range,65536,hash_synonym,direct_single_probe,579.85,1,1,579.8;579.8;580.0
range,65536,powerlaw:0.5,direct_single_probe,496.17,1,1,496.4;496.1;496.2
range,65536,stale_resident,direct_single_probe,454.70,1,1,454.7;454.7;455.0
range,65536,concentrated:0.0,gmem_privatized_cuckoo,1116.96,1,1,1117.2;1116.8;1117.0
range,65536,hash_synonym,gmem_privatized_cuckoo,461.02,1,1,461.3;460.5;461.0
range,65536,powerlaw:0.5,gmem_privatized_cuckoo,424.10,1,1,424.4;424.1;424.0
range,65536,stale_resident,gmem_privatized_cuckoo,367.65,1,1,367.7;367.6;367.8
range,65536,concentrated:0.0,gmem_privatized_single_probe,1121.84,1,1,1121.8;1122.0;1121.8
range,65536,hash_synonym,gmem_privatized_single_probe,492.54,1,1,492.7;492.4;492.5
range,65536,powerlaw:0.5,gmem_privatized_single_probe,465.71,1,1,466.1;465.6;465.7
range,65536,stale_resident,gmem_privatized_single_probe,397.64,1,1,397.5;397.6;397.9
range,262144,concentrated:0.0,default,1883.35,1,1,1883.4;1883.2;1883.8
range,262144,hash_synonym,default,470.46,1,1,470.5;470.7;470.3
range,262144,powerlaw:0.5,default,464.41,1,1,464.4;464.4;464.5
range,262144,stale_resident,default,455.88,1,1,455.9;456.1;455.8
range,262144,concentrated:0.0,gmem_privatized_nocache,999.52,1,0,999.5;999.0;999.6
range,262144,hash_synonym,gmem_privatized_nocache,354.61,1,0,354.4;354.6;357.4
range,262144,powerlaw:0.5,gmem_privatized_nocache,524.94,1,0,524.8;524.9;538.1
range,262144,stale_resident,gmem_privatized_nocache,477.50,1,0,477.5;477.2;485.1
range,262144,concentrated:0.0,direct_cuckoo,1883.65,1,1,1882.5;1883.7;1883.7
range,262144,hash_synonym,direct_cuckoo,470.86,1,1,471.4;470.9;470.5
range,262144,powerlaw:0.5,direct_cuckoo,464.47,1,1,464.7;464.2;464.5
range,262144,stale_resident,direct_cuckoo,455.76,1,1,456.0;455.7;455.8
range,262144,concentrated:0.0,direct_single_probe,1883.70,1,1,1884.5;1883.7;1883.7
range,262144,hash_synonym,direct_single_probe,470.55,1,1,470.3;471.3;470.6
range,262144,powerlaw:0.5,direct_single_probe,464.63,1,1,464.6;464.2;464.9
range,262144,stale_resident,direct_single_probe,455.49,1,1,455.5;455.4;455.7
range,262144,concentrated:0.0,gmem_privatized_cuckoo,855.89,1,1,856.1;855.4;855.9
range,262144,hash_synonym,gmem_privatized_cuckoo,347.53,1,1,347.5;347.5;347.8
range,262144,powerlaw:0.5,gmem_privatized_cuckoo,357.45,1,1,357.8;357.4;357.5
range,262144,stale_resident,gmem_privatized_cuckoo,334.03,1,1,333.7;334.2;334.0
range,262144,concentrated:0.0,gmem_privatized_single_probe,858.90,1,1,858.7;858.9;859.4
range,262144,hash_synonym,gmem_privatized_single_probe,364.44,1,1,364.8;364.3;364.4
range,262144,powerlaw:0.5,gmem_privatized_single_probe,387.46,1,1,387.5;387.3;387.5
range,262144,stale_resident,gmem_privatized_single_probe,358.66,1,1,358.7;358.2;358.7
range,1048576,concentrated:0.0,default,1899.26,1,1,1899.3;1897.7;1899.3
range,1048576,hash_synonym,default,475.37,1,1,475.5;475.1;475.4
range,1048576,powerlaw:0.5,default,449.43,1,1,449.5;449.4;449.4
range,1048576,stale_resident,default,461.17,1,1,461.2;461.2;460.9
range,1048576,concentrated:0.0,gmem_privatized_nocache,634.37,1,0,634.4;634.5;634.2
range,1048576,hash_synonym,gmem_privatized_nocache,282.03,1,0,281.8;282.6;282.0
range,1048576,powerlaw:0.5,gmem_privatized_nocache,345.89,1,0,346.1;345.9;345.3
range,1048576,stale_resident,gmem_privatized_nocache,385.22,1,0,385.0;385.2;385.4
range,1048576,concentrated:0.0,direct_cuckoo,1897.83,1,1,1897.7;1898.2;1897.8
range,1048576,hash_synonym,direct_cuckoo,475.71,1,1,475.1;475.8;475.7
range,1048576,powerlaw:0.5,direct_cuckoo,449.36,1,1,449.4;449.5;449.2
range,1048576,stale_resident,direct_cuckoo,461.17,1,1,460.9;461.2;461.6
range,1048576,concentrated:0.0,direct_single_probe,1898.76,1,1,1898.8;1898.2;1899.1
range,1048576,hash_synonym,direct_single_probe,475.16,1,1,475.5;475.2;474.8
range,1048576,powerlaw:0.5,direct_single_probe,449.65,1,1,449.1;449.6;449.7
range,1048576,stale_resident,direct_single_probe,461.00,1,1,461.3;460.7;461.0
range,1048576,concentrated:0.0,gmem_privatized_cuckoo,428.11,1,1,428.1;428.4;427.8
range,1048576,hash_synonym,gmem_privatized_cuckoo,243.49,1,1,243.4;243.8;243.5
range,1048576,powerlaw:0.5,gmem_privatized_cuckoo,245.07,1,1,244.9;245.2;245.1
range,1048576,stale_resident,gmem_privatized_cuckoo,241.54,1,1,241.6;241.5;241.5
range,1048576,concentrated:0.0,gmem_privatized_single_probe,429.32,1,1,429.3;429.1;429.4
range,1048576,hash_synonym,gmem_privatized_single_probe,252.24,1,1,252.2;252.3;252.1
range,1048576,powerlaw:0.5,gmem_privatized_single_probe,259.48,1,1,259.4;259.5;259.5
range,1048576,stale_resident,gmem_privatized_single_probe,253.91,1,1,254.0;253.9;253.8
multi_even,65536,concentrated:0.0,default,2229.63,1,1,2229.4;2229.9;2229.6
multi_even,65536,hash_synonym,default,741.20,1,1,741.2;741.2;740.9
multi_even,65536,powerlaw:0.5,default,583.28,1,1,583.3;583.3;583.3
multi_even,65536,stale_resident,default,455.58,1,1,455.8;455.6;455.5
multi_even,65536,concentrated:0.0,gmem_privatized_nocache,1847.68,1,1,1847.6;1848.2;1847.7
multi_even,65536,hash_synonym,gmem_privatized_nocache,512.76,1,1,512.8;512.5;512.8
multi_even,65536,powerlaw:0.5,gmem_privatized_nocache,587.23,1,1,587.2;586.9;587.3
multi_even,65536,stale_resident,gmem_privatized_nocache,422.30,1,1,422.3;422.2;422.5
multi_even,65536,concentrated:0.0,direct_cuckoo,2258.28,1,1,2258.4;2258.0;2258.3
multi_even,65536,hash_synonym,direct_cuckoo,696.03,1,1,696.3;696.0;695.7
multi_even,65536,powerlaw:0.5,direct_cuckoo,543.02,1,1,543.0;543.0;543.2
multi_even,65536,stale_resident,direct_cuckoo,430.41,1,1,430.4;430.6;430.4
multi_even,65536,concentrated:0.0,direct_single_probe,2229.30,1,1,2228.7;2229.3;2230.7
multi_even,65536,hash_synonym,direct_single_probe,741.07,1,1,741.1;740.7;741.1
multi_even,65536,powerlaw:0.5,direct_single_probe,583.53,1,1,583.4;583.5;583.6
multi_even,65536,stale_resident,direct_single_probe,455.57,1,1,455.6;455.5;455.6
multi_even,65536,concentrated:0.0,gmem_privatized_cuckoo,1655.92,1,1,1655.9;1655.1;1656.0
multi_even,65536,hash_synonym,gmem_privatized_cuckoo,659.86,1,1,660.3;659.9;659.7
multi_even,65536,powerlaw:0.5,gmem_privatized_cuckoo,520.08,1,1,519.8;520.1;520.1
multi_even,65536,stale_resident,gmem_privatized_cuckoo,415.48,1,1,414.8;415.8;415.5
multi_even,65536,concentrated:0.0,gmem_privatized_single_probe,1641.95,1,1,1643.1;1642.0;1641.1
multi_even,65536,hash_synonym,gmem_privatized_single_probe,660.72,1,1,660.7;660.8;660.7
multi_even,65536,powerlaw:0.5,gmem_privatized_single_probe,538.41,1,1,538.2;538.4;538.4
multi_even,65536,stale_resident,gmem_privatized_single_probe,424.80,1,1,424.8;424.6;424.8
multi_even,262144,concentrated:0.0,default,2232.69,1,1,2234.0;2232.2;2232.7
multi_even,262144,hash_synonym,default,596.31,1,1,596.3;596.4;596.3
multi_even,262144,powerlaw:0.5,default,303.41,1,1,303.3;303.4;303.5
multi_even,262144,stale_resident,default,456.99,1,1,457.0;456.9;457.0
multi_even,262144,concentrated:0.0,gmem_privatized_nocache,1298.29,1,1,1297.7;1298.3;1298.8
multi_even,262144,hash_synonym,gmem_privatized_nocache,387.87,1,1,387.9;388.0;387.7
multi_even,262144,powerlaw:0.5,gmem_privatized_nocache,372.20,1,1,372.2;372.2;372.1
multi_even,262144,stale_resident,gmem_privatized_nocache,395.56,1,1,395.6;395.5;395.7
multi_even,262144,concentrated:0.0,direct_cuckoo,2232.89,1,1,2233.7;2232.3;2232.9
multi_even,262144,hash_synonym,direct_cuckoo,596.35,1,1,596.4;596.3;596.5
multi_even,262144,powerlaw:0.5,direct_cuckoo,303.47,1,1,303.7;302.8;303.5
multi_even,262144,stale_resident,direct_cuckoo,457.02,1,1,456.9;457.0;457.1
multi_even,262144,concentrated:0.0,direct_single_probe,2233.37,1,1,2231.7;2233.4;2234.0
multi_even,262144,hash_synonym,direct_single_probe,596.42,1,1,596.5;596.4;596.3
multi_even,262144,powerlaw:0.5,direct_single_probe,303.46,1,1,303.5;303.0;303.7
multi_even,262144,stale_resident,direct_single_probe,456.94,1,1,457.1;456.9;456.9
multi_even,262144,concentrated:0.0,gmem_privatized_cuckoo,1198.88,1,1,1198.9;1198.0;1199.6
multi_even,262144,hash_synonym,gmem_privatized_cuckoo,475.63,1,1,475.0;475.9;475.6
multi_even,262144,powerlaw:0.5,gmem_privatized_cuckoo,435.83,1,1,435.9;435.8;435.7
multi_even,262144,stale_resident,gmem_privatized_cuckoo,379.65,1,1,379.9;379.6;379.4
multi_even,262144,concentrated:0.0,gmem_privatized_single_probe,1193.05,1,1,1193.1;1193.1;1192.8
multi_even,262144,hash_synonym,gmem_privatized_single_probe,475.53,1,1,475.8;475.4;475.5
multi_even,262144,powerlaw:0.5,gmem_privatized_single_probe,453.42,1,1,453.5;453.4;453.4
multi_even,262144,stale_resident,gmem_privatized_single_probe,387.76,1,1,387.6;387.9;387.8
multi_even,1048576,concentrated:0.0,default,2253.23,1,1,2253.2;2251.5;2253.7
multi_even,1048576,hash_synonym,default,602.78,1,1,602.9;602.8;602.7
multi_even,1048576,powerlaw:0.5,default,371.09,1,1,371.1;371.5;370.6
multi_even,1048576,stale_resident,default,461.72,1,1,461.6;461.8;461.7
multi_even,1048576,concentrated:0.0,gmem_privatized_nocache,475.51,1,1,474.8;475.5;475.7
multi_even,1048576,hash_synonym,gmem_privatized_nocache,241.07,1,1,241.1;241.1;241.2
multi_even,1048576,powerlaw:0.5,gmem_privatized_nocache,203.47,1,1,203.7;202.6;203.5
multi_even,1048576,stale_resident,gmem_privatized_nocache,283.96,1,1,284.0;284.5;283.9
multi_even,1048576,concentrated:0.0,direct_cuckoo,2250.77,1,1,2250.8;2250.4;2251.3
multi_even,1048576,hash_synonym,direct_cuckoo,602.90,1,1,603.0;602.9;602.9
multi_even,1048576,powerlaw:0.5,direct_cuckoo,371.05,1,1,370.5;371.1;371.6
multi_even,1048576,stale_resident,direct_cuckoo,461.78,1,1,461.8;461.8;461.8
multi_even,1048576,concentrated:0.0,direct_single_probe,2252.42,1,1,2252.4;2253.2;2251.9
multi_even,1048576,hash_synonym,direct_single_probe,602.83,1,1,602.8;602.9;602.8
multi_even,1048576,powerlaw:0.5,direct_single_probe,370.93,1,1,370.5;370.9;371.2
multi_even,1048576,stale_resident,direct_single_probe,461.74,1,1,461.8;461.7;461.7
multi_even,1048576,concentrated:0.0,gmem_privatized_cuckoo,467.55,1,1,467.6;467.6;467.0
multi_even,1048576,hash_synonym,gmem_privatized_cuckoo,292.84,1,1,292.9;292.4;292.8
multi_even,1048576,powerlaw:0.5,gmem_privatized_cuckoo,226.97,1,1,227.1;227.0;226.8
multi_even,1048576,stale_resident,gmem_privatized_cuckoo,255.12,1,1,255.1;255.1;255.4
multi_even,1048576,concentrated:0.0,gmem_privatized_single_probe,466.87,1,1,466.9;467.6;466.8
multi_even,1048576,hash_synonym,gmem_privatized_single_probe,292.85,1,1,292.6;292.8;293.0
multi_even,1048576,powerlaw:0.5,gmem_privatized_single_probe,224.96,1,1,225.1;225.0;224.9
multi_even,1048576,stale_resident,gmem_privatized_single_probe,258.51,1,1,258.7;258.5;258.5
multi_range,65536,concentrated:0.0,default,1329.96,1,1,1331.0;1330.0;1329.7
multi_range,65536,hash_synonym,default,621.03,1,1,620.7;621.0;621.5
multi_range,65536,powerlaw:0.5,default,523.70,1,1,523.7;523.8;523.5
multi_range,65536,stale_resident,default,414.54,1,1,414.5;414.7;414.5
multi_range,65536,concentrated:0.0,gmem_privatized_nocache,318.56,1,1,318.5;318.6;318.6
multi_range,65536,hash_synonym,gmem_privatized_nocache,223.24,1,1,222.9;223.5;223.2
multi_range,65536,powerlaw:0.5,gmem_privatized_nocache,278.58,1,1,278.6;278.1;278.6
multi_range,65536,stale_resident,gmem_privatized_nocache,134.96,1,1,134.9;135.0;135.0
multi_range,65536,concentrated:0.0,direct_cuckoo,1352.47,1,1,1352.5;1352.5;1352.1
multi_range,65536,hash_synonym,direct_cuckoo,599.48,1,1,599.0;599.6;599.5
multi_range,65536,powerlaw:0.5,direct_cuckoo,496.58,1,1,496.2;496.8;496.6
multi_range,65536,stale_resident,direct_cuckoo,396.51,1,1,396.4;396.8;396.5
multi_range,65536,concentrated:0.0,direct_single_probe,1330.87,1,1,1330.9;1331.0;1330.3
multi_range,65536,hash_synonym,direct_single_probe,621.26,1,1,621.4;621.0;621.3
multi_range,65536,powerlaw:0.5,direct_single_probe,523.45,1,1,523.4;523.8;523.4
multi_range,65536,stale_resident,direct_single_probe,414.62,1,1,414.8;414.6;414.6
multi_range,65536,concentrated:0.0,gmem_privatized_cuckoo,318.55,1,1,318.8;318.5;318.5
multi_range,65536,hash_synonym,gmem_privatized_cuckoo,223.23,1,1,223.1;223.4;223.2
multi_range,65536,powerlaw:0.5,gmem_privatized_cuckoo,277.69,1,1,278.7;277.7;277.6
multi_range,65536,stale_resident,gmem_privatized_cuckoo,134.97,1,1,135.0;134.9;135.0
multi_range,65536,concentrated:0.0,gmem_privatized_single_probe,318.53,1,1,318.5;318.6;318.4
multi_range,65536,hash_synonym,gmem_privatized_single_probe,223.64,1,1,223.6;223.1;223.7
multi_range,65536,powerlaw:0.5,gmem_privatized_single_probe,278.43,1,1,278.4;278.2;278.5
multi_range,65536,stale_resident,gmem_privatized_single_probe,134.92,1,1,134.9;135.0;134.9
multi_range,262144,concentrated:0.0,default,1331.69,1,1,1331.7;1331.9;1331.3
multi_range,262144,hash_synonym,default,504.10,1,1,504.4;504.1;504.1
multi_range,262144,powerlaw:0.5,default,279.03,1,1,279.8;279.0;279.0
multi_range,262144,stale_resident,default,415.81,1,1,415.8;415.6;416.0
multi_range,262144,concentrated:0.0,gmem_privatized_nocache,257.07,1,1,257.0;257.1;257.1
multi_range,262144,hash_synonym,gmem_privatized_nocache,100.83,1,1,100.8;100.9;100.6
multi_range,262144,powerlaw:0.5,gmem_privatized_nocache,214.19,1,1,213.8;214.3;214.2
multi_range,262144,stale_resident,gmem_privatized_nocache,125.53,1,1,125.3;125.5;125.5
multi_range,262144,concentrated:0.0,direct_cuckoo,1332.21,1,1,1331.8;1332.5;1332.2
multi_range,262144,hash_synonym,direct_cuckoo,504.46,1,1,504.5;504.5;504.0
multi_range,262144,powerlaw:0.5,direct_cuckoo,278.86,1,1,279.1;278.9;278.8
multi_range,262144,stale_resident,direct_cuckoo,415.63,1,1,415.4;415.8;415.6
multi_range,262144,concentrated:0.0,direct_single_probe,1332.25,1,1,1331.2;1332.6;1332.3
multi_range,262144,hash_synonym,direct_single_probe,504.10,1,1,504.1;504.3;504.0
multi_range,262144,powerlaw:0.5,direct_single_probe,279.03,1,1,279.2;279.0;278.6
multi_range,262144,stale_resident,direct_single_probe,415.67,1,1,415.7;415.9;415.7
multi_range,262144,concentrated:0.0,gmem_privatized_cuckoo,256.89,1,1,256.7;257.1;256.9
multi_range,262144,hash_synonym,gmem_privatized_cuckoo,100.82,1,1,100.7;100.8;100.8
multi_range,262144,powerlaw:0.5,gmem_privatized_cuckoo,213.62,1,1,213.6;213.4;213.7
multi_range,262144,stale_resident,gmem_privatized_cuckoo,125.49,1,1,125.5;125.5;125.5
multi_range,262144,concentrated:0.0,gmem_privatized_single_probe,257.08,1,1,256.8;257.1;257.2
multi_range,262144,hash_synonym,gmem_privatized_single_probe,100.55,1,1,100.6;100.5;100.6
multi_range,262144,powerlaw:0.5,gmem_privatized_single_probe,213.71,1,1,213.7;213.6;214.2
multi_range,262144,stale_resident,gmem_privatized_single_probe,125.46,1,1,125.4;125.5;125.6
multi_range,1048576,concentrated:0.0,default,1346.64,1,1,1346.6;1346.4;1346.9
multi_range,1048576,hash_synonym,default,509.57,1,1,509.6;509.1;509.6
multi_range,1048576,powerlaw:0.5,default,484.69,1,1,485.0;484.6;484.7
multi_range,1048576,stale_resident,default,420.16,1,1,420.1;420.2;420.6
multi_range,1048576,concentrated:0.0,gmem_privatized_nocache,162.98,1,1,163.0;163.0;163.0
multi_range,1048576,hash_synonym,gmem_privatized_nocache,81.79,1,1,81.8;81.8;81.7
multi_range,1048576,powerlaw:0.5,gmem_privatized_nocache,133.81,1,1,134.1;133.6;133.8
multi_range,1048576,stale_resident,gmem_privatized_nocache,99.51,1,1,99.3;99.7;99.5
multi_range,1048576,concentrated:0.0,direct_cuckoo,1347.06,1,1,1347.1;1346.6;1347.2
multi_range,1048576,hash_synonym,direct_cuckoo,509.43,1,1,510.0;509.4;508.8
multi_range,1048576,powerlaw:0.5,direct_cuckoo,484.77,1,1,484.9;484.4;484.8
multi_range,1048576,stale_resident,direct_cuckoo,420.47,1,1,420.4;420.5;420.5
multi_range,1048576,concentrated:0.0,direct_single_probe,1346.35,1,1,1346.2;1346.5;1346.4
multi_range,1048576,hash_synonym,direct_single_probe,509.68,1,1,509.7;509.6;510.0
multi_range,1048576,powerlaw:0.5,direct_single_probe,484.87,1,1,485.1;484.9;484.7
multi_range,1048576,stale_resident,direct_single_probe,420.49,1,1,420.1;420.6;420.5
multi_range,1048576,concentrated:0.0,gmem_privatized_cuckoo,163.05,1,1,163.0;163.1;163.1
multi_range,1048576,hash_synonym,gmem_privatized_cuckoo,81.78,1,1,81.8;81.8;81.8
multi_range,1048576,powerlaw:0.5,gmem_privatized_cuckoo,134.26,1,1,134.3;134.2;134.3
multi_range,1048576,stale_resident,gmem_privatized_cuckoo,99.37,1,1,99.4;99.5;99.3
multi_range,1048576,concentrated:0.0,gmem_privatized_single_probe,163.06,1,1,163.1;163.1;163.1
multi_range,1048576,hash_synonym,gmem_privatized_single_probe,81.70,1,1,81.7;81.8;81.7
multi_range,1048576,powerlaw:0.5,gmem_privatized_single_probe,134.35,1,1,133.9;134.4;134.4
multi_range,1048576,stale_resident,gmem_privatized_single_probe,99.30,1,1,99.3;99.6;99.3
